Function,n_intervals,Error
Linear Function (t),10,0.11899866012786553
Linear Function (t),20,0.05776315571222579
Linear Function (t),50,0.0575160014990328
Linear Function (t),100,0.05777495007632216
Linear Function (t),200,0.057714801690602835
Linear Function (t),500,0.05770414077004027
Linear Function (t),1000,0.057111621550892444
